<application>
  <component name="ActionsLocalSummary">
    <e n="$Copy">
      <i c="1" l="1649389684246" />
    </e>
    <e n="$Undo">
      <i c="8" l="1649390572507" />
    </e>
    <e n="Android.SyncProject">
      <i c="5" l="1649390579940" />
    </e>
    <e n="CloseAllEditors">
      <i c="1" l="1649390938111" />
    </e>
    <e n="CloseProject">
      <i c="1" l="1649333481417" />
    </e>
    <e n="EditorBackSpace">
      <i c="1" l="1649390543729" />
    </e>
    <e n="EditorEnter">
      <i c="2" l="1649389875444" />
    </e>
    <e n="EditorPaste">
      <i c="6" l="1649390504364" />
    </e>
    <e n="GotoDeclaration">
      <i c="3" l="1649391110893" />
    </e>
    <e n="Gradle.ToggleOfflineAction">
      <i c="3" l="1649390925688" />
    </e>
    <e n="Run">
      <i c="7" l="1649390819124" />
    </e>
    <e n="SaveAll">
      <i c="1" l="1649389878682" />
    </e>
    <e n="ShowSettings">
      <i c="10" l="1649389365507" />
    </e>
    <e n="WelcomeScreen.Configure.Import">
      <i c="1" l="1649332504548" />
    </e>
    <e n="WelcomeScreen.OpenProject">
      <i c="2" l="1649333679750" />
    </e>
    <e n="com.intellij.ide.ReopenProjectAction">
      <i c="1" l="1649388784566" />
    </e>
    <e n="com.intellij.notification.NotificationAction$Simple">
      <i c="1" l="1649333401519" />
    </e>
    <e n="com.intellij.openapi.fileEditor.impl.tabActions.CloseTab">
      <i c="1" l="1649391106594" />
    </e>
    <e n="com.intellij.openapi.wm.impl.ToolWindowHeader$HideAction">
      <i c="15" l="1649390941200" />
    </e>
    <e n="com.intellij.openapi.wm.impl.welcomeScreen.WelcomeScreenComponentFactory$3">
      <i c="1" l="1649332484662" />
    </e>
  </component>
</application>