<application>
  <component name="ProjectJdkTable">
    <jdk version="2">
      <name value="Android Studio default JDK" />
      <type value="JavaSDK" />
      <version value="version 11.0.11" />
      <homePath value="$APPLICATION_HOME_DIR$/jre" />
      <roots>
        <annotationsPath>
          <root type="composite">
            <root url="jar://$APPLICATION_HOME_DIR$/plugins/java/lib/jdkAnnotations.jar!/" type="simple" />
          </root>
        </annotationsPath>
        <classPath>
          <root type="composite">
            <root url="jrt:///opt/apps/cn.androidgoogle.studio/files/jre!/java.base" type="simple" />
            <root url="jrt:///opt/apps/cn.androidgoogle.studio/files/jre!/java.compiler" type="simple" />
            <root url="jrt:///opt/apps/cn.androidgoogle.studio/files/jre!/java.datatransfer" type="simple" />
            <root url="jrt:///opt/apps/cn.androidgoogle.studio/files/jre!/java.desktop" type="simple" />
            <root url="jrt:///opt/apps/cn.androidgoogle.studio/files/jre!/java.instrument" type="simple" />
            <root url="jrt:///opt/apps/cn.androidgoogle.studio/files/jre!/java.logging" type="simple" />
            <root url="jrt:///opt/apps/cn.androidgoogle.studio/files/jre!/java.management" type="simple" />
            <root url="jrt:///opt/apps/cn.androidgoogle.studio/files/jre!/java.management.rmi" type="simple" />
            <root url="jrt:///opt/apps/cn.androidgoogle.studio/files/jre!/java.naming" type="simple" />
            <root url="jrt:///opt/apps/cn.androidgoogle.studio/files/jre!/java.net.http" type="simple" />
            <root url="jrt:///opt/apps/cn.androidgoogle.studio/files/jre!/java.prefs" type="simple" />
            <root url="jrt:///opt/apps/cn.androidgoogle.studio/files/jre!/java.rmi" type="simple" />
            <root url="jrt:///opt/apps/cn.androidgoogle.studio/files/jre!/java.scripting" type="simple" />
            <root url="jrt:///opt/apps/cn.androidgoogle.studio/files/jre!/java.se" type="simple" />
            <root url="jrt:///opt/apps/cn.androidgoogle.studio/files/jre!/java.security.jgss" type="simple" />
            <root url="jrt:///opt/apps/cn.androidgoogle.studio/files/jre!/java.security.sasl" type="simple" />
            <root url="jrt:///opt/apps/cn.androidgoogle.studio/files/jre!/java.smartcardio" type="simple" />
            <root url="jrt:///opt/apps/cn.androidgoogle.studio/files/jre!/java.sql" type="simple" />
            <root url="jrt:///opt/apps/cn.androidgoogle.studio/files/jre!/java.sql.rowset" type="simple" />
            <root url="jrt:///opt/apps/cn.androidgoogle.studio/files/jre!/java.transaction.xa" type="simple" />
            <root url="jrt:///opt/apps/cn.androidgoogle.studio/files/jre!/java.xml" type="simple" />
            <root url="jrt:///opt/apps/cn.androidgoogle.studio/files/jre!/java.xml.crypto" type="simple" />
            <root url="jrt:///opt/apps/cn.androidgoogle.studio/files/jre!/jdk.accessibility" type="simple" />
            <root url="jrt:///opt/apps/cn.androidgoogle.studio/files/jre!/jdk.aot" type="simple" />
            <root url="jrt:///opt/apps/cn.androidgoogle.studio/files/jre!/jdk.attach" type="simple" />
            <root url="jrt:///opt/apps/cn.androidgoogle.studio/files/jre!/jdk.charsets" type="simple" />
            <root url="jrt:///opt/apps/cn.androidgoogle.studio/files/jre!/jdk.compiler" type="simple" />
            <root url="jrt:///opt/apps/cn.androidgoogle.studio/files/jre!/jdk.crypto.cryptoki" type="simple" />
            <root url="jrt:///opt/apps/cn.androidgoogle.studio/files/jre!/jdk.crypto.ec" type="simple" />
            <root url="jrt:///opt/apps/cn.androidgoogle.studio/files/jre!/jdk.dynalink" type="simple" />
            <root url="jrt:///opt/apps/cn.androidgoogle.studio/files/jre!/jdk.hotspot.agent" type="simple" />
            <root url="jrt:///opt/apps/cn.androidgoogle.studio/files/jre!/jdk.httpserver" type="simple" />
            <root url="jrt:///opt/apps/cn.androidgoogle.studio/files/jre!/jdk.internal.ed" type="simple" />
            <root url="jrt:///opt/apps/cn.androidgoogle.studio/files/jre!/jdk.internal.jvmstat" type="simple" />
            <root url="jrt:///opt/apps/cn.androidgoogle.studio/files/jre!/jdk.internal.le" type="simple" />
            <root url="jrt:///opt/apps/cn.androidgoogle.studio/files/jre!/jdk.internal.opt" type="simple" />
            <root url="jrt:///opt/apps/cn.androidgoogle.studio/files/jre!/jdk.internal.vm.ci" type="simple" />
            <root url="jrt:///opt/apps/cn.androidgoogle.studio/files/jre!/jdk.internal.vm.compiler" type="simple" />
            <root url="jrt:///opt/apps/cn.androidgoogle.studio/files/jre!/jdk.internal.vm.compiler.management" type="simple" />
            <root url="jrt:///opt/apps/cn.androidgoogle.studio/files/jre!/jdk.jartool" type="simple" />
            <root url="jrt:///opt/apps/cn.androidgoogle.studio/files/jre!/jdk.javadoc" type="simple" />
            <root url="jrt:///opt/apps/cn.androidgoogle.studio/files/jre!/jdk.jdeps" type="simple" />
            <root url="jrt:///opt/apps/cn.androidgoogle.studio/files/jre!/jdk.jdi" type="simple" />
            <root url="jrt:///opt/apps/cn.androidgoogle.studio/files/jre!/jdk.jdwp.agent" type="simple" />
            <root url="jrt:///opt/apps/cn.androidgoogle.studio/files/jre!/jdk.jfr" type="simple" />
            <root url="jrt:///opt/apps/cn.androidgoogle.studio/files/jre!/jdk.jlink" type="simple" />
            <root url="jrt:///opt/apps/cn.androidgoogle.studio/files/jre!/jdk.jsobject" type="simple" />
            <root url="jrt:///opt/apps/cn.androidgoogle.studio/files/jre!/jdk.localedata" type="simple" />
            <root url="jrt:///opt/apps/cn.androidgoogle.studio/files/jre!/jdk.management" type="simple" />
            <root url="jrt:///opt/apps/cn.androidgoogle.studio/files/jre!/jdk.management.agent" type="simple" />
            <root url="jrt:///opt/apps/cn.androidgoogle.studio/files/jre!/jdk.management.jfr" type="simple" />
            <root url="jrt:///opt/apps/cn.androidgoogle.studio/files/jre!/jdk.naming.dns" type="simple" />
            <root url="jrt:///opt/apps/cn.androidgoogle.studio/files/jre!/jdk.naming.rmi" type="simple" />
            <root url="jrt:///opt/apps/cn.androidgoogle.studio/files/jre!/jdk.net" type="simple" />
            <root url="jrt:///opt/apps/cn.androidgoogle.studio/files/jre!/jdk.pack" type="simple" />
            <root url="jrt:///opt/apps/cn.androidgoogle.studio/files/jre!/jdk.scripting.nashorn" type="simple" />
            <root url="jrt:///opt/apps/cn.androidgoogle.studio/files/jre!/jdk.scripting.nashorn.shell" type="simple" />
            <root url="jrt:///opt/apps/cn.androidgoogle.studio/files/jre!/jdk.sctp" type="simple" />
            <root url="jrt:///opt/apps/cn.androidgoogle.studio/files/jre!/jdk.security.auth" type="simple" />
            <root url="jrt:///opt/apps/cn.androidgoogle.studio/files/jre!/jdk.security.jgss" type="simple" />
            <root url="jrt:///opt/apps/cn.androidgoogle.studio/files/jre!/jdk.unsupported" type="simple" />
            <root url="jrt:///opt/apps/cn.androidgoogle.studio/files/jre!/jdk.xml.dom" type="simple" />
            <root url="jrt:///opt/apps/cn.androidgoogle.studio/files/jre!/jdk.zipfs" type="simple" />
          </root>
        </classPath>
        <javadocPath>
          <root type="composite" />
        </javadocPath>
        <sourcePath>
          <root type="composite" />
        </sourcePath>
      </roots>
      <additional />
    </jdk>
    <jdk version="2">
      <name value="1.8" />
      <type value="JavaSDK" />
      <version value="version 1.8.0_271" />
      <homePath value="/opt/JDK" />
      <roots>
        <annotationsPath>
          <root type="composite">
            <root url="jar://$APPLICATION_HOME_DIR$/plugins/java/lib/jdkAnnotations.jar!/" type="simple" />
          </root>
        </annotationsPath>
        <classPath>
          <root type="composite">
            <root url="jar:///opt/JDK/jre/lib/charsets.jar!/" type="simple" />
            <root url="jar:///opt/JDK/jre/lib/deploy.jar!/" type="simple" />
            <root url="jar:///opt/JDK/jre/lib/ext/cldrdata.jar!/" type="simple" />
            <root url="jar:///opt/JDK/jre/lib/ext/dnsns.jar!/" type="simple" />
            <root url="jar:///opt/JDK/jre/lib/ext/jaccess.jar!/" type="simple" />
            <root url="jar:///opt/JDK/jre/lib/ext/jfxrt.jar!/" type="simple" />
            <root url="jar:///opt/JDK/jre/lib/ext/localedata.jar!/" type="simple" />
            <root url="jar:///opt/JDK/jre/lib/ext/nashorn.jar!/" type="simple" />
            <root url="jar:///opt/JDK/jre/lib/ext/sunec.jar!/" type="simple" />
            <root url="jar:///opt/JDK/jre/lib/ext/sunjce_provider.jar!/" type="simple" />
            <root url="jar:///opt/JDK/jre/lib/ext/sunpkcs11.jar!/" type="simple" />
            <root url="jar:///opt/JDK/jre/lib/ext/zipfs.jar!/" type="simple" />
            <root url="jar:///opt/JDK/jre/lib/javaws.jar!/" type="simple" />
            <root url="jar:///opt/JDK/jre/lib/jce.jar!/" type="simple" />
            <root url="jar:///opt/JDK/jre/lib/jfr.jar!/" type="simple" />
            <root url="jar:///opt/JDK/jre/lib/jfxswt.jar!/" type="simple" />
            <root url="jar:///opt/JDK/jre/lib/jsse.jar!/" type="simple" />
            <root url="jar:///opt/JDK/jre/lib/management-agent.jar!/" type="simple" />
            <root url="jar:///opt/JDK/jre/lib/plugin.jar!/" type="simple" />
            <root url="jar:///opt/JDK/jre/lib/resources.jar!/" type="simple" />
            <root url="jar:///opt/JDK/jre/lib/rt.jar!/" type="simple" />
          </root>
        </classPath>
        <javadocPath>
          <root type="composite" />
        </javadocPath>
        <sourcePath>
          <root type="composite">
            <root url="jar:///opt/JDK/src.zip!/" type="simple" />
            <root url="jar:///opt/JDK/javafx-src.zip!/" type="simple" />
          </root>
        </sourcePath>
      </roots>
      <additional />
    </jdk>
    <jdk version="2">
      <name value="11" />
      <type value="JavaSDK" />
      <version value="java version &quot;11.0.11&quot;" />
      <homePath value="$APPLICATION_HOME_DIR$/jre" />
      <roots>
        <annotationsPath>
          <root type="composite">
            <root url="jar://$APPLICATION_HOME_DIR$/plugins/java/lib/jdkAnnotations.jar!/" type="simple" />
          </root>
        </annotationsPath>
        <classPath>
          <root type="composite">
            <root url="jrt:///opt/apps/cn.androidgoogle.studio/files/jre!/java.base" type="simple" />
            <root url="jrt:///opt/apps/cn.androidgoogle.studio/files/jre!/java.compiler" type="simple" />
            <root url="jrt:///opt/apps/cn.androidgoogle.studio/files/jre!/java.datatransfer" type="simple" />
            <root url="jrt:///opt/apps/cn.androidgoogle.studio/files/jre!/java.desktop" type="simple" />
            <root url="jrt:///opt/apps/cn.androidgoogle.studio/files/jre!/java.instrument" type="simple" />
            <root url="jrt:///opt/apps/cn.androidgoogle.studio/files/jre!/java.logging" type="simple" />
            <root url="jrt:///opt/apps/cn.androidgoogle.studio/files/jre!/java.management" type="simple" />
            <root url="jrt:///opt/apps/cn.androidgoogle.studio/files/jre!/java.management.rmi" type="simple" />
            <root url="jrt:///opt/apps/cn.androidgoogle.studio/files/jre!/java.naming" type="simple" />
            <root url="jrt:///opt/apps/cn.androidgoogle.studio/files/jre!/java.net.http" type="simple" />
            <root url="jrt:///opt/apps/cn.androidgoogle.studio/files/jre!/java.prefs" type="simple" />
            <root url="jrt:///opt/apps/cn.androidgoogle.studio/files/jre!/java.rmi" type="simple" />
            <root url="jrt:///opt/apps/cn.androidgoogle.studio/files/jre!/java.scripting" type="simple" />
            <root url="jrt:///opt/apps/cn.androidgoogle.studio/files/jre!/java.se" type="simple" />
            <root url="jrt:///opt/apps/cn.androidgoogle.studio/files/jre!/java.security.jgss" type="simple" />
            <root url="jrt:///opt/apps/cn.androidgoogle.studio/files/jre!/java.security.sasl" type="simple" />
            <root url="jrt:///opt/apps/cn.androidgoogle.studio/files/jre!/java.smartcardio" type="simple" />
            <root url="jrt:///opt/apps/cn.androidgoogle.studio/files/jre!/java.sql" type="simple" />
            <root url="jrt:///opt/apps/cn.androidgoogle.studio/files/jre!/java.sql.rowset" type="simple" />
            <root url="jrt:///opt/apps/cn.androidgoogle.studio/files/jre!/java.transaction.xa" type="simple" />
            <root url="jrt:///opt/apps/cn.androidgoogle.studio/files/jre!/java.xml" type="simple" />
            <root url="jrt:///opt/apps/cn.androidgoogle.studio/files/jre!/java.xml.crypto" type="simple" />
            <root url="jrt:///opt/apps/cn.androidgoogle.studio/files/jre!/jdk.accessibility" type="simple" />
            <root url="jrt:///opt/apps/cn.androidgoogle.studio/files/jre!/jdk.aot" type="simple" />
            <root url="jrt:///opt/apps/cn.androidgoogle.studio/files/jre!/jdk.attach" type="simple" />
            <root url="jrt:///opt/apps/cn.androidgoogle.studio/files/jre!/jdk.charsets" type="simple" />
            <root url="jrt:///opt/apps/cn.androidgoogle.studio/files/jre!/jdk.compiler" type="simple" />
            <root url="jrt:///opt/apps/cn.androidgoogle.studio/files/jre!/jdk.crypto.cryptoki" type="simple" />
            <root url="jrt:///opt/apps/cn.androidgoogle.studio/files/jre!/jdk.crypto.ec" type="simple" />
            <root url="jrt:///opt/apps/cn.androidgoogle.studio/files/jre!/jdk.dynalink" type="simple" />
            <root url="jrt:///opt/apps/cn.androidgoogle.studio/files/jre!/jdk.hotspot.agent" type="simple" />
            <root url="jrt:///opt/apps/cn.androidgoogle.studio/files/jre!/jdk.httpserver" type="simple" />
            <root url="jrt:///opt/apps/cn.androidgoogle.studio/files/jre!/jdk.internal.ed" type="simple" />
            <root url="jrt:///opt/apps/cn.androidgoogle.studio/files/jre!/jdk.internal.jvmstat" type="simple" />
            <root url="jrt:///opt/apps/cn.androidgoogle.studio/files/jre!/jdk.internal.le" type="simple" />
            <root url="jrt:///opt/apps/cn.androidgoogle.studio/files/jre!/jdk.internal.opt" type="simple" />
            <root url="jrt:///opt/apps/cn.androidgoogle.studio/files/jre!/jdk.internal.vm.ci" type="simple" />
            <root url="jrt:///opt/apps/cn.androidgoogle.studio/files/jre!/jdk.internal.vm.compiler" type="simple" />
            <root url="jrt:///opt/apps/cn.androidgoogle.studio/files/jre!/jdk.internal.vm.compiler.management" type="simple" />
            <root url="jrt:///opt/apps/cn.androidgoogle.studio/files/jre!/jdk.jartool" type="simple" />
            <root url="jrt:///opt/apps/cn.androidgoogle.studio/files/jre!/jdk.javadoc" type="simple" />
            <root url="jrt:///opt/apps/cn.androidgoogle.studio/files/jre!/jdk.jdeps" type="simple" />
            <root url="jrt:///opt/apps/cn.androidgoogle.studio/files/jre!/jdk.jdi" type="simple" />
            <root url="jrt:///opt/apps/cn.androidgoogle.studio/files/jre!/jdk.jdwp.agent" type="simple" />
            <root url="jrt:///opt/apps/cn.androidgoogle.studio/files/jre!/jdk.jfr" type="simple" />
            <root url="jrt:///opt/apps/cn.androidgoogle.studio/files/jre!/jdk.jlink" type="simple" />
            <root url="jrt:///opt/apps/cn.androidgoogle.studio/files/jre!/jdk.jsobject" type="simple" />
            <root url="jrt:///opt/apps/cn.androidgoogle.studio/files/jre!/jdk.localedata" type="simple" />
            <root url="jrt:///opt/apps/cn.androidgoogle.studio/files/jre!/jdk.management" type="simple" />
            <root url="jrt:///opt/apps/cn.androidgoogle.studio/files/jre!/jdk.management.agent" type="simple" />
            <root url="jrt:///opt/apps/cn.androidgoogle.studio/files/jre!/jdk.management.jfr" type="simple" />
            <root url="jrt:///opt/apps/cn.androidgoogle.studio/files/jre!/jdk.naming.dns" type="simple" />
            <root url="jrt:///opt/apps/cn.androidgoogle.studio/files/jre!/jdk.naming.rmi" type="simple" />
            <root url="jrt:///opt/apps/cn.androidgoogle.studio/files/jre!/jdk.net" type="simple" />
            <root url="jrt:///opt/apps/cn.androidgoogle.studio/files/jre!/jdk.pack" type="simple" />
            <root url="jrt:///opt/apps/cn.androidgoogle.studio/files/jre!/jdk.scripting.nashorn" type="simple" />
            <root url="jrt:///opt/apps/cn.androidgoogle.studio/files/jre!/jdk.scripting.nashorn.shell" type="simple" />
            <root url="jrt:///opt/apps/cn.androidgoogle.studio/files/jre!/jdk.sctp" type="simple" />
            <root url="jrt:///opt/apps/cn.androidgoogle.studio/files/jre!/jdk.security.auth" type="simple" />
            <root url="jrt:///opt/apps/cn.androidgoogle.studio/files/jre!/jdk.security.jgss" type="simple" />
            <root url="jrt:///opt/apps/cn.androidgoogle.studio/files/jre!/jdk.unsupported" type="simple" />
            <root url="jrt:///opt/apps/cn.androidgoogle.studio/files/jre!/jdk.xml.dom" type="simple" />
            <root url="jrt:///opt/apps/cn.androidgoogle.studio/files/jre!/jdk.zipfs" type="simple" />
          </root>
        </classPath>
        <javadocPath>
          <root type="composite">
            <root url="https://docs.oracle.com/en/java/javase/11/docs/api/" type="simple" />
          </root>
        </javadocPath>
        <sourcePath>
          <root type="composite" />
        </sourcePath>
      </roots>
      <additional />
    </jdk>
    <jdk version="2">
      <name value="Android API 19 Platform" />
      <type value="Android SDK" />
      <homePath value="/opt/Android/sdk" />
      <roots>
        <annotationsPath>
          <root type="composite">
            <root url="jar://$APPLICATION_HOME_DIR$/plugins/android/resources/androidAnnotations.jar!/" type="simple" />
          </root>
        </annotationsPath>
        <classPath>
          <root type="composite">
            <root url="jar:///opt/Android/sdk/platforms/android-19/android.jar!/" type="simple" />
            <root url="file:///opt/Android/sdk/platforms/android-19/data/res" type="simple" />
          </root>
        </classPath>
        <javadocPath>
          <root type="composite">
            <root url="file:///opt/Android/sdk/docs/reference" type="simple" />
          </root>
        </javadocPath>
        <sourcePath>
          <root type="composite">
            <root url="file:///opt/Android/sdk/sources/android-19" type="simple" />
          </root>
        </sourcePath>
      </roots>
      <additional jdk="Android Studio default JDK" sdk="android-19" />
    </jdk>
    <jdk version="2">
      <name value="Android API 20 Platform" />
      <type value="Android SDK" />
      <homePath value="/opt/Android/sdk" />
      <roots>
        <annotationsPath>
          <root type="composite">
            <root url="jar://$APPLICATION_HOME_DIR$/plugins/android/resources/androidAnnotations.jar!/" type="simple" />
          </root>
        </annotationsPath>
        <classPath>
          <root type="composite">
            <root url="jar:///opt/Android/sdk/platforms/android-20/android.jar!/" type="simple" />
            <root url="file:///opt/Android/sdk/platforms/android-20/data/res" type="simple" />
          </root>
        </classPath>
        <javadocPath>
          <root type="composite">
            <root url="file:///opt/Android/sdk/docs/reference" type="simple" />
          </root>
        </javadocPath>
        <sourcePath>
          <root type="composite">
            <root url="file:///opt/Android/sdk/sources/android-20" type="simple" />
          </root>
        </sourcePath>
      </roots>
      <additional jdk="Android Studio default JDK" sdk="android-20" />
    </jdk>
    <jdk version="2">
      <name value="Android API 21 Platform" />
      <type value="Android SDK" />
      <homePath value="/opt/Android/sdk" />
      <roots>
        <annotationsPath>
          <root type="composite">
            <root url="jar://$APPLICATION_HOME_DIR$/plugins/android/resources/androidAnnotations.jar!/" type="simple" />
          </root>
        </annotationsPath>
        <classPath>
          <root type="composite">
            <root url="jar:///opt/Android/sdk/platforms/android-21/android.jar!/" type="simple" />
            <root url="file:///opt/Android/sdk/platforms/android-21/data/res" type="simple" />
          </root>
        </classPath>
        <javadocPath>
          <root type="composite">
            <root url="file:///opt/Android/sdk/docs/reference" type="simple" />
          </root>
        </javadocPath>
        <sourcePath>
          <root type="composite">
            <root url="file:///opt/Android/sdk/sources/android-21" type="simple" />
          </root>
        </sourcePath>
      </roots>
      <additional jdk="Android Studio default JDK" sdk="android-21" />
    </jdk>
    <jdk version="2">
      <name value="Android API 22 Platform" />
      <type value="Android SDK" />
      <homePath value="/opt/Android/sdk" />
      <roots>
        <annotationsPath>
          <root type="composite">
            <root url="jar://$APPLICATION_HOME_DIR$/plugins/android/resources/androidAnnotations.jar!/" type="simple" />
          </root>
        </annotationsPath>
        <classPath>
          <root type="composite">
            <root url="jar:///opt/Android/sdk/platforms/android-22/android.jar!/" type="simple" />
            <root url="file:///opt/Android/sdk/platforms/android-22/data/res" type="simple" />
          </root>
        </classPath>
        <javadocPath>
          <root type="composite">
            <root url="file:///opt/Android/sdk/docs/reference" type="simple" />
          </root>
        </javadocPath>
        <sourcePath>
          <root type="composite">
            <root url="file:///opt/Android/sdk/sources/android-22" type="simple" />
          </root>
        </sourcePath>
      </roots>
      <additional jdk="Android Studio default JDK" sdk="android-22" />
    </jdk>
    <jdk version="2">
      <name value="Android API 23 Platform" />
      <type value="Android SDK" />
      <homePath value="/opt/Android/sdk" />
      <roots>
        <annotationsPath>
          <root type="composite">
            <root url="jar://$APPLICATION_HOME_DIR$/plugins/android/resources/androidAnnotations.jar!/" type="simple" />
          </root>
        </annotationsPath>
        <classPath>
          <root type="composite">
            <root url="jar:///opt/Android/sdk/platforms/android-23/android.jar!/" type="simple" />
            <root url="file:///opt/Android/sdk/platforms/android-23/data/res" type="simple" />
          </root>
        </classPath>
        <javadocPath>
          <root type="composite">
            <root url="file:///opt/Android/sdk/docs/reference" type="simple" />
          </root>
        </javadocPath>
        <sourcePath>
          <root type="composite">
            <root url="file:///opt/Android/sdk/sources/android-23" type="simple" />
          </root>
        </sourcePath>
      </roots>
      <additional jdk="Android Studio default JDK" sdk="android-23" />
    </jdk>
    <jdk version="2">
      <name value="Android API 24 Platform" />
      <type value="Android SDK" />
      <homePath value="/opt/Android/sdk" />
      <roots>
        <annotationsPath>
          <root type="composite">
            <root url="jar://$APPLICATION_HOME_DIR$/plugins/android/resources/androidAnnotations.jar!/" type="simple" />
          </root>
        </annotationsPath>
        <classPath>
          <root type="composite">
            <root url="jar:///opt/Android/sdk/platforms/android-24/android.jar!/" type="simple" />
            <root url="file:///opt/Android/sdk/platforms/android-24/data/res" type="simple" />
          </root>
        </classPath>
        <javadocPath>
          <root type="composite">
            <root url="file:///opt/Android/sdk/docs/reference" type="simple" />
          </root>
        </javadocPath>
        <sourcePath>
          <root type="composite">
            <root url="file:///opt/Android/sdk/sources/android-24" type="simple" />
          </root>
        </sourcePath>
      </roots>
      <additional jdk="Android Studio default JDK" sdk="android-24" />
    </jdk>
    <jdk version="2">
      <name value="Android API 25 Platform" />
      <type value="Android SDK" />
      <homePath value="/opt/Android/sdk" />
      <roots>
        <annotationsPath>
          <root type="composite">
            <root url="jar://$APPLICATION_HOME_DIR$/plugins/android/resources/androidAnnotations.jar!/" type="simple" />
          </root>
        </annotationsPath>
        <classPath>
          <root type="composite">
            <root url="jar:///opt/Android/sdk/platforms/android-25/android.jar!/" type="simple" />
            <root url="file:///opt/Android/sdk/platforms/android-25/data/res" type="simple" />
          </root>
        </classPath>
        <javadocPath>
          <root type="composite">
            <root url="file:///opt/Android/sdk/docs/reference" type="simple" />
          </root>
        </javadocPath>
        <sourcePath>
          <root type="composite">
            <root url="file:///opt/Android/sdk/sources/android-25" type="simple" />
          </root>
        </sourcePath>
      </roots>
      <additional jdk="Android Studio default JDK" sdk="android-25" />
    </jdk>
    <jdk version="2">
      <name value="Android API 26 Platform" />
      <type value="Android SDK" />
      <homePath value="/opt/Android/sdk" />
      <roots>
        <annotationsPath>
          <root type="composite">
            <root url="jar://$APPLICATION_HOME_DIR$/plugins/android/resources/androidAnnotations.jar!/" type="simple" />
          </root>
        </annotationsPath>
        <classPath>
          <root type="composite">
            <root url="jar:///opt/Android/sdk/platforms/android-26/android.jar!/" type="simple" />
            <root url="file:///opt/Android/sdk/platforms/android-26/data/res" type="simple" />
          </root>
        </classPath>
        <javadocPath>
          <root type="composite">
            <root url="file:///opt/Android/sdk/docs/reference" type="simple" />
          </root>
        </javadocPath>
        <sourcePath>
          <root type="composite" />
        </sourcePath>
      </roots>
      <additional jdk="Android Studio default JDK" sdk="android-26" />
    </jdk>
    <jdk version="2">
      <name value="Android API 27 Platform" />
      <type value="Android SDK" />
      <homePath value="/opt/Android/sdk" />
      <roots>
        <annotationsPath>
          <root type="composite">
            <root url="jar://$APPLICATION_HOME_DIR$/plugins/android/resources/androidAnnotations.jar!/" type="simple" />
          </root>
        </annotationsPath>
        <classPath>
          <root type="composite">
            <root url="jar:///opt/Android/sdk/platforms/android-27/android.jar!/" type="simple" />
            <root url="file:///opt/Android/sdk/platforms/android-27/data/res" type="simple" />
          </root>
        </classPath>
        <javadocPath>
          <root type="composite">
            <root url="file:///opt/Android/sdk/docs/reference" type="simple" />
          </root>
        </javadocPath>
        <sourcePath>
          <root type="composite">
            <root url="file:///opt/Android/sdk/sources/android-27" type="simple" />
          </root>
        </sourcePath>
      </roots>
      <additional jdk="Android Studio default JDK" sdk="android-27" />
    </jdk>
    <jdk version="2">
      <name value="Android API 28 Platform" />
      <type value="Android SDK" />
      <homePath value="/opt/Android/sdk" />
      <roots>
        <annotationsPath>
          <root type="composite">
            <root url="jar:///opt/Android/sdk/platforms/android-28/data/annotations.zip!/" type="simple" />
          </root>
        </annotationsPath>
        <classPath>
          <root type="composite">
            <root url="jar:///opt/Android/sdk/platforms/android-28/android.jar!/" type="simple" />
            <root url="file:///opt/Android/sdk/platforms/android-28/data/res" type="simple" />
          </root>
        </classPath>
        <javadocPath>
          <root type="composite">
            <root url="file:///opt/Android/sdk/docs/reference" type="simple" />
          </root>
        </javadocPath>
        <sourcePath>
          <root type="composite">
            <root url="file:///opt/Android/sdk/sources/android-28" type="simple" />
          </root>
        </sourcePath>
      </roots>
      <additional jdk="Android Studio default JDK" sdk="android-28" />
    </jdk>
    <jdk version="2">
      <name value="Android API 29 Platform" />
      <type value="Android SDK" />
      <homePath value="/opt/Android/sdk" />
      <roots>
        <annotationsPath>
          <root type="composite">
            <root url="jar:///opt/Android/sdk/platforms/android-29/data/annotations.zip!/" type="simple" />
          </root>
        </annotationsPath>
        <classPath>
          <root type="composite">
            <root url="jar:///opt/Android/sdk/platforms/android-29/android.jar!/" type="simple" />
            <root url="file:///opt/Android/sdk/platforms/android-29/data/res" type="simple" />
          </root>
        </classPath>
        <javadocPath>
          <root type="composite">
            <root url="file:///opt/Android/sdk/docs/reference" type="simple" />
          </root>
        </javadocPath>
        <sourcePath>
          <root type="composite">
            <root url="file:///opt/Android/sdk/sources/android-29" type="simple" />
          </root>
        </sourcePath>
      </roots>
      <additional jdk="Android Studio default JDK" sdk="android-29" />
    </jdk>
    <jdk version="2">
      <name value="Android API 30 Platform" />
      <type value="Android SDK" />
      <homePath value="/opt/Android/sdk" />
      <roots>
        <annotationsPath>
          <root type="composite">
            <root url="jar:///opt/Android/sdk/platforms/android-30/data/annotations.zip!/" type="simple" />
          </root>
        </annotationsPath>
        <classPath>
          <root type="composite">
            <root url="jar:///opt/Android/sdk/platforms/android-30/android.jar!/" type="simple" />
            <root url="file:///opt/Android/sdk/platforms/android-30/data/res" type="simple" />
          </root>
        </classPath>
        <javadocPath>
          <root type="composite">
            <root url="file:///opt/Android/sdk/docs/reference" type="simple" />
          </root>
        </javadocPath>
        <sourcePath>
          <root type="composite">
            <root url="file:///opt/Android/sdk/sources/android-30" type="simple" />
          </root>
        </sourcePath>
      </roots>
      <additional jdk="Android Studio default JDK" sdk="android-30" />
    </jdk>
  </component>
</application>