<application>
  <component name="NotRoamableUiSettings">
    <option name="fontFace" value="Roboto" />
    <option name="fontScale" value="1.25" />
    <option name="fontSize" value="18" />
    <option name="ideAAType" value="Greyscale" />
  </component>
  <component name="ProjectPluginTrackerManager">
    <trackers>
      <map>
        <entry key="1sRFbhMYOdYyRbuAwrzzqfH3LY1">
          <value>
            <ProjectPluginTracker />
          </value>
        </entry>
      </map>
    </trackers>
  </component>
  <component name="PropertiesComponent">
    <property name="ATTACHED_TOOL_WINDOW.DEFAULT.NAV_EDITOR.HOSTS.DEACTIVATED.AUTO_HIDE" value="false" />
    <property name="ATTACHED_TOOL_WINDOW.DEFAULT.NAV_EDITOR.HOSTS.DEACTIVATED.LEFT" value="true" />
    <property name="ATTACHED_TOOL_WINDOW.DEFAULT.NAV_EDITOR.HOSTS.DEACTIVATED.MINIMIZED" value="false" />
    <property name="ATTACHED_TOOL_WINDOW.DEFAULT.NAV_EDITOR.HOSTS.DEACTIVATED.SPLIT" value="false" />
    <property name="ATTACHED_TOOL_WINDOW.DEFAULT.NAV_EDITOR.HOSTS.FULL.AUTO_HIDE" value="false" />
    <property name="ATTACHED_TOOL_WINDOW.DEFAULT.NAV_EDITOR.HOSTS.FULL.LEFT" value="true" />
    <property name="ATTACHED_TOOL_WINDOW.DEFAULT.NAV_EDITOR.HOSTS.FULL.MINIMIZED" value="false" />
    <property name="ATTACHED_TOOL_WINDOW.DEFAULT.NAV_EDITOR.HOSTS.FULL.SPLIT" value="false" />
    <property name="ATTACHED_TOOL_WINDOW.DEFAULT.NAV_EDITOR.PROPERTIES.DEACTIVATED.AUTO_HIDE" value="false" />
    <property name="ATTACHED_TOOL_WINDOW.DEFAULT.NAV_EDITOR.PROPERTIES.DEACTIVATED.LEFT" value="false" />
    <property name="ATTACHED_TOOL_WINDOW.DEFAULT.NAV_EDITOR.PROPERTIES.DEACTIVATED.MINIMIZED" value="false" />
    <property name="ATTACHED_TOOL_WINDOW.DEFAULT.NAV_EDITOR.PROPERTIES.DEACTIVATED.SPLIT" value="false" />
    <property name="ATTACHED_TOOL_WINDOW.DEFAULT.NAV_EDITOR.PROPERTIES.FULL.AUTO_HIDE" value="false" />
    <property name="ATTACHED_TOOL_WINDOW.DEFAULT.NAV_EDITOR.PROPERTIES.FULL.LEFT" value="false" />
    <property name="ATTACHED_TOOL_WINDOW.DEFAULT.NAV_EDITOR.PROPERTIES.FULL.MINIMIZED" value="false" />
    <property name="ATTACHED_TOOL_WINDOW.DEFAULT.NAV_EDITOR.PROPERTIES.FULL.SPLIT" value="false" />
    <property name="ATTACHED_TOOL_WINDOW.DEFAULT.NAV_EDITOR.TOOL_ORDER" value="PROPERTIES,TREE,HOSTS" />
    <property name="ATTACHED_TOOL_WINDOW.DEFAULT.NAV_EDITOR.TREE.DEACTIVATED.AUTO_HIDE" value="false" />
    <property name="ATTACHED_TOOL_WINDOW.DEFAULT.NAV_EDITOR.TREE.DEACTIVATED.LEFT" value="true" />
    <property name="ATTACHED_TOOL_WINDOW.DEFAULT.NAV_EDITOR.TREE.DEACTIVATED.MINIMIZED" value="false" />
    <property name="ATTACHED_TOOL_WINDOW.DEFAULT.NAV_EDITOR.TREE.DEACTIVATED.SPLIT" value="true" />
    <property name="ATTACHED_TOOL_WINDOW.DEFAULT.NAV_EDITOR.TREE.FULL.AUTO_HIDE" value="false" />
    <property name="ATTACHED_TOOL_WINDOW.DEFAULT.NAV_EDITOR.TREE.FULL.LEFT" value="true" />
    <property name="ATTACHED_TOOL_WINDOW.DEFAULT.NAV_EDITOR.TREE.FULL.MINIMIZED" value="false" />
    <property name="ATTACHED_TOOL_WINDOW.DEFAULT.NAV_EDITOR.TREE.FULL.SPLIT" value="true" />
    <property name="ATTACHED_TOOL_WINDOW.DEFAULT.NELE_EDITOR.COMPONENT_TREE.DEACTIVATED.AUTO_HIDE" value="false" />
    <property name="ATTACHED_TOOL_WINDOW.DEFAULT.NELE_EDITOR.COMPONENT_TREE.DEACTIVATED.LEFT" value="true" />
    <property name="ATTACHED_TOOL_WINDOW.DEFAULT.NELE_EDITOR.COMPONENT_TREE.DEACTIVATED.MINIMIZED" value="false" />
    <property name="ATTACHED_TOOL_WINDOW.DEFAULT.NELE_EDITOR.COMPONENT_TREE.DEACTIVATED.SPLIT" value="true" />
    <property name="ATTACHED_TOOL_WINDOW.DEFAULT.NELE_EDITOR.COMPONENT_TREE.FULL.AUTO_HIDE" value="false" />
    <property name="ATTACHED_TOOL_WINDOW.DEFAULT.NELE_EDITOR.COMPONENT_TREE.FULL.LEFT" value="true" />
    <property name="ATTACHED_TOOL_WINDOW.DEFAULT.NELE_EDITOR.COMPONENT_TREE.FULL.MINIMIZED" value="false" />
    <property name="ATTACHED_TOOL_WINDOW.DEFAULT.NELE_EDITOR.COMPONENT_TREE.FULL.SPLIT" value="true" />
    <property name="ATTACHED_TOOL_WINDOW.DEFAULT.NELE_EDITOR.PALETTE.DEACTIVATED.AUTO_HIDE" value="false" />
    <property name="ATTACHED_TOOL_WINDOW.DEFAULT.NELE_EDITOR.PALETTE.DEACTIVATED.LEFT" value="true" />
    <property name="ATTACHED_TOOL_WINDOW.DEFAULT.NELE_EDITOR.PALETTE.DEACTIVATED.MINIMIZED" value="false" />
    <property name="ATTACHED_TOOL_WINDOW.DEFAULT.NELE_EDITOR.PALETTE.DEACTIVATED.SPLIT" value="false" />
    <property name="ATTACHED_TOOL_WINDOW.DEFAULT.NELE_EDITOR.PALETTE.FULL.AUTO_HIDE" value="false" />
    <property name="ATTACHED_TOOL_WINDOW.DEFAULT.NELE_EDITOR.PALETTE.FULL.LEFT" value="true" />
    <property name="ATTACHED_TOOL_WINDOW.DEFAULT.NELE_EDITOR.PALETTE.FULL.MINIMIZED" value="false" />
    <property name="ATTACHED_TOOL_WINDOW.DEFAULT.NELE_EDITOR.PALETTE.FULL.SPLIT" value="false" />
    <property name="ATTACHED_TOOL_WINDOW.DEFAULT.NELE_EDITOR.PROPERTIES.DEACTIVATED.AUTO_HIDE" value="false" />
    <property name="ATTACHED_TOOL_WINDOW.DEFAULT.NELE_EDITOR.PROPERTIES.DEACTIVATED.LEFT" value="false" />
    <property name="ATTACHED_TOOL_WINDOW.DEFAULT.NELE_EDITOR.PROPERTIES.DEACTIVATED.MINIMIZED" value="false" />
    <property name="ATTACHED_TOOL_WINDOW.DEFAULT.NELE_EDITOR.PROPERTIES.DEACTIVATED.SPLIT" value="false" />
    <property name="ATTACHED_TOOL_WINDOW.DEFAULT.NELE_EDITOR.PROPERTIES.FULL.AUTO_HIDE" value="false" />
    <property name="ATTACHED_TOOL_WINDOW.DEFAULT.NELE_EDITOR.PROPERTIES.FULL.LEFT" value="false" />
    <property name="ATTACHED_TOOL_WINDOW.DEFAULT.NELE_EDITOR.PROPERTIES.FULL.MINIMIZED" value="false" />
    <property name="ATTACHED_TOOL_WINDOW.DEFAULT.NELE_EDITOR.PROPERTIES.FULL.SPLIT" value="false" />
    <property name="ATTACHED_TOOL_WINDOW.DEFAULT.NELE_EDITOR.TOOL_ORDER" value="PALETTE,PROPERTIES,COMPONENT_TREE" />
    <property name="ATTACHED_TOOL_WINDOW.NAV_EDITOR.HOSTS.DEACTIVATED.LEFT" value="true" />
    <property name="ATTACHED_TOOL_WINDOW.NAV_EDITOR.HOSTS.FULL.LEFT" value="true" />
    <property name="ATTACHED_TOOL_WINDOW.NAV_EDITOR.TOOL_ORDER" value="PROPERTIES,TREE,HOSTS" />
    <property name="ATTACHED_TOOL_WINDOW.NAV_EDITOR.TREE.DEACTIVATED.LEFT" value="true" />
    <property name="ATTACHED_TOOL_WINDOW.NAV_EDITOR.TREE.DEACTIVATED.SPLIT" value="true" />
    <property name="ATTACHED_TOOL_WINDOW.NAV_EDITOR.TREE.FULL.LEFT" value="true" />
    <property name="ATTACHED_TOOL_WINDOW.NAV_EDITOR.TREE.FULL.SPLIT" value="true" />
    <property name="ATTACHED_TOOL_WINDOW.NELE_EDITOR.COMPONENT_TREE.DEACTIVATED.LEFT" value="true" />
    <property name="ATTACHED_TOOL_WINDOW.NELE_EDITOR.COMPONENT_TREE.DEACTIVATED.SPLIT" value="true" />
    <property name="ATTACHED_TOOL_WINDOW.NELE_EDITOR.COMPONENT_TREE.FULL.LEFT" value="true" />
    <property name="ATTACHED_TOOL_WINDOW.NELE_EDITOR.COMPONENT_TREE.FULL.SPLIT" value="true" />
    <property name="ATTACHED_TOOL_WINDOW.NELE_EDITOR.PALETTE.DEACTIVATED.LEFT" value="true" />
    <property name="ATTACHED_TOOL_WINDOW.NELE_EDITOR.PALETTE.FULL.LEFT" value="true" />
    <property name="ATTACHED_TOOL_WINDOW.NELE_EDITOR.TOOL_ORDER" value="PALETTE,PROPERTIES,COMPONENT_TREE" />
    <property name="AndroidInitConfigurator.V1" value="true" />
    <property name="AndroidInitConfigurator.V3" value="true" />
    <property name="AndroidInitConfigurator.V5" value="true" />
    <property name="PluginConfigurable.selectionTab" value="1" />
    <property name="SPLIT_EDITOR_MODE_/home/naivor/Workspace/Android/samples/sunflower/app/src/main/res/layout/activity_garden.xml" value="DEACTIVATED" />
    <property name="SPLIT_EDITOR_MODE_/home/naivor/Workspace/Android/samples/sunflower/app/src/main/res/navigation/nav_garden.xml" value="DEACTIVATED" />
    <property name="SettingsSearchHistory" value="encoding" />
    <property name="appcds.runOnSecondStart" value="AI-211.7628.21.2111.8193401-c4b97db1351bd02602097905bfc25b963fe57700a0f520adf8b7936f3b2b82c6" />
    <property name="build.toolwindow.Build Output.selection.state" value="com.intellij.build.BuildTreeConsoleView" />
    <property name="build.toolwindow.Sync.selection.state" value="com.intellij.build.BuildTreeConsoleView" />
    <property name="file.chooser.recent.files" value="$USER_HOME$/Workspace/Android/samples/sunflower&#10;/opt/Android/sdk" />
    <property name="file.gist.reindex.count" value="2" />
    <property name="fileTypeChangedCounter" value="1" />
    <property name="fileTypeDetectors" value="com.android.tools.idea.profilers.capture.MemoryCaptureFileType$Detector:com.android.tools.idea.sqlite.fileType.SqliteFileTypeDetector:com.intellij.ide.scratch.ScratchFileServiceImpl$Detector:com.jetbrains.cidr.lang.OCHeaderFileTypeDetector" />
    <property name="got.it.tooltip.reader.mode.got.it" value="1" />
    <property name="ide.updates.previous.build.number" value="AI-211.7628.21.2111.8193401" />
    <property name="installed.kotlin.plugin.version" value="211-1.5.30-release-408-AS7442.40" />
    <property name="kotlin-gradle-user-dirs" value="$USER_HOME$/.gradle" />
    <property name="kotlin.plugin.releaseDate" value="211-1.5.30-release-408-AS7442.40:2021-08-24" />
    <property name="lastSeenTip" value="InjectSQLLanguage.html" />
    <property name="lastTimeTipsWereShown" value="1649333429664" />
    <property name="last_opened_file_path" value="$USER_HOME$/Workspace/Android/samples/sunflower" />
    <property name="seenTips" value="InjectSQLLanguage.html" />
    <property name="tasks.pass.word.conversion.enforced" value="true" />
  </component>
  <component name="TerminalCommandHistoryManager">
    <command-history-files>
      <command-history-file filename="sunflower-history1" project-path="$USER_HOME$/Workspace/Android/samples/sunflower" last-access-time="1649389383234" />
    </command-history-files>
  </component>
  <component name="ToolbarSettingsService">
    <option name="NEW_TOOLBAR_SETTINGS" value="OLD_NAVBAR" />
  </component>
</application>