<application>
  <component name="PluginFeatureService">
    <option name="features">
      <map>
        <entry key="com.intellij.configurationType">
          <value>
            <FeaturePluginsList>
              <option name="featureMap">
                <map>
                  <entry key="AndroidRunConfigurationType">
                    <value>
                      <FeaturePluginData displayName="Android App" pluginName="Android" pluginId="org.jetbrains.android" bundled="true" />
                    </value>
                  </entry>
                  <entry key="AndroidTestRunConfigurationType">
                    <value>
                      <FeaturePluginData displayName="Android Instrumented Tests" pluginName="Android" pluginId="org.jetbrains.android" bundled="true" />
                    </value>
                  </entry>
                  <entry key="AppEngineRunConfiguration">
                    <value>
                      <FeaturePluginData displayName="App Engine DevAppServer" pluginName="Google Cloud Tools For Android Studio" pluginId="com.google.gct" bundled="true" />
                    </value>
                  </entry>
                  <entry key="Application">
                    <value>
                      <FeaturePluginData displayName="Application" pluginName="Java" pluginId="com.intellij.java" bundled="true" />
                    </value>
                  </entry>
                  <entry key="ComposePreviewRunConfiguration">
                    <value>
                      <FeaturePluginData displayName="Compose Preview" pluginName="Design Tools" pluginId="com.android.tools.design" bundled="true" />
                    </value>
                  </entry>
                  <entry key="CompoundRunConfigurationType">
                    <value>
                      <FeaturePluginData displayName="Compound" pluginName="IDEA CORE" pluginId="com.intellij" bundled="true" />
                    </value>
                  </entry>
                  <entry key="GradleRunConfiguration">
                    <value>
                      <FeaturePluginData displayName="Gradle" pluginName="Gradle" pluginId="com.intellij.gradle" bundled="true" />
                    </value>
                  </entry>
                  <entry key="GroovyScriptRunConfiguration">
                    <value>
                      <FeaturePluginData displayName="Groovy" pluginName="Groovy" pluginId="org.intellij.groovy" bundled="true" />
                    </value>
                  </entry>
                  <entry key="JUnit">
                    <value>
                      <FeaturePluginData displayName="JUnit" pluginName="JUnit" pluginId="JUnit" bundled="true" />
                    </value>
                  </entry>
                  <entry key="JarApplication">
                    <value>
                      <FeaturePluginData displayName="JAR Application" pluginName="Java" pluginId="com.intellij.java" bundled="true" />
                    </value>
                  </entry>
                  <entry key="Java Scratch">
                    <value>
                      <FeaturePluginData displayName="Java Scratch" pluginName="Java" pluginId="com.intellij.java" bundled="true" />
                    </value>
                  </entry>
                  <entry key="JetRunConfigurationType">
                    <value>
                      <FeaturePluginData displayName="Kotlin" pluginName="Kotlin" pluginId="org.jetbrains.kotlin" bundled="true" />
                    </value>
                  </entry>
                  <entry key="KotlinStandaloneScriptRunConfigurationType">
                    <value>
                      <FeaturePluginData displayName="Kotlin script" pluginName="Kotlin" pluginId="org.jetbrains.kotlin" bundled="true" />
                    </value>
                  </entry>
                  <entry key="MAKEFILE_TARGET_RUN_CONFIGURATION">
                    <value>
                      <FeaturePluginData displayName="Makefile Target" pluginName="Makefile Language" pluginId="name.kropp.intellij.makefile" />
                    </value>
                  </entry>
                  <entry key="Remote">
                    <value>
                      <FeaturePluginData displayName="Remote JVM Debug" pluginName="Java" pluginId="com.intellij.java" bundled="true" />
                    </value>
                  </entry>
                  <entry key="ShConfigurationType">
                    <value>
                      <FeaturePluginData displayName="Shell Script" pluginName="Shell Script" pluginId="com.jetbrains.sh" bundled="true" />
                    </value>
                  </entry>
                  <entry key="TestNG">
                    <value>
                      <FeaturePluginData displayName="TestNG" pluginName="TestNG" pluginId="TestNG-J" bundled="true" />
                    </value>
                  </entry>
                </map>
              </option>
            </FeaturePluginsList>
          </value>
        </entry>
        <entry key="com.intellij.facetType">
          <value>
            <FeaturePluginsList>
              <option name="featureMap">
                <map>
                  <entry key="android">
                    <value>
                      <FeaturePluginData displayName="Android" pluginName="Android" pluginId="org.jetbrains.android" bundled="true" />
                    </value>
                  </entry>
                  <entry key="android-artifact">
                    <value>
                      <FeaturePluginData displayName="Android Artifact" pluginName="Android" pluginId="org.jetbrains.android" bundled="true" />
                    </value>
                  </entry>
                  <entry key="android-gradle">
                    <value>
                      <FeaturePluginData displayName="Android-Gradle" pluginName="Android" pluginId="org.jetbrains.android" bundled="true" />
                    </value>
                  </entry>
                  <entry key="apk">
                    <value>
                      <FeaturePluginData displayName="APK" pluginName="Android" pluginId="org.jetbrains.android" bundled="true" />
                    </value>
                  </entry>
                  <entry key="app-engine-gradle">
                    <value>
                      <FeaturePluginData displayName="App Engine Gradle" pluginName="Google Cloud Tools For Android Studio" pluginId="com.google.gct" bundled="true" />
                    </value>
                  </entry>
                  <entry key="java-gradle">
                    <value>
                      <FeaturePluginData displayName="Java-Gradle" pluginName="Android" pluginId="org.jetbrains.android" bundled="true" />
                    </value>
                  </entry>
                  <entry key="kotlin-language">
                    <value>
                      <FeaturePluginData displayName="Kotlin" pluginName="Kotlin" pluginId="org.jetbrains.kotlin" bundled="true" />
                    </value>
                  </entry>
                  <entry key="native-android-gradle">
                    <value>
                      <FeaturePluginData displayName="Native-Android-Gradle" pluginName="Android" pluginId="org.jetbrains.android" bundled="true" />
                    </value>
                  </entry>
                </map>
              </option>
            </FeaturePluginsList>
          </value>
        </entry>
        <entry key="com.intellij.packaging.artifacts.ArtifactType">
          <value>
            <FeaturePluginsList>
              <option name="featureMap">
                <map>
                  <entry key="apk">
                    <value>
                      <FeaturePluginData displayName="Android application" pluginName="Android" pluginId="org.jetbrains.android" bundled="true" />
                    </value>
                  </entry>
                  <entry key="jar">
                    <value>
                      <FeaturePluginData displayName="JAR" pluginName="Java" pluginId="com.intellij.java" bundled="true" />
                    </value>
                  </entry>
                  <entry key="plain">
                    <value>
                      <FeaturePluginData displayName="Other" pluginName="Java" pluginId="com.intellij.java" bundled="true" />
                    </value>
                  </entry>
                </map>
              </option>
            </FeaturePluginsList>
          </value>
        </entry>
      </map>
    </option>
  </component>
</application>