<application>
  <component name="RecentProjectsManager">
    <option name="additionalInfo">
      <map>
        <entry key="$USER_HOME$/Workspace/Android/samples/sunflower">
          <value>
            <RecentProjectMetaInfo frameTitle="sunflower – Converters.kt [sunflower.app]" opened="true" projectWorkspaceId="1sRFbhMYOdYyRbuAwrzzqfH3LY1">
              <option name="binFolder" value="$APPLICATION_HOME_DIR$/bin" />
              <option name="build" value="AI-211.7628.21.2111.8193401" />
              <option name="buildTimestamp" value="1645081945288" />
              <frame x="97" y="16" width="1400" height="970" />
              <option name="productionCode" value="AI" />
              <option name="projectOpenTimestamp" value="1649388790886" />
            </RecentProjectMetaInfo>
          </value>
        </entry>
      </map>
    </option>
  </component>
</application>