<application>
  <component name="DimensionService">
    <location key="WELCOME_SCREEN.0.0.1920.1080@120dpi" x="960" y="375" />
  </component>
  <component name="WindowManager">
    <frame x="97" y="16" width="1400" height="970" />
    <layout>
      <window_info content_ui="combo" id="Project" order="0" weight="0.25" />
      <window_info anchor="bottom" id="Version Control" order="0" />
      <window_info anchor="bottom" id="Find" order="1" />
      <window_info anchor="bottom" id="Run" order="2" />
      <window_info anchor="bottom" id="Debug" order="3" weight="0.4" />
      <window_info anchor="bottom" id="Inspection" order="4" weight="0.4" />
    </layout>
  </component>
  <component name="WindowStateApplicationService">
    <state x="695" y="212" width="530" height="618" key="FileChooserDialogImpl" timestamp="1649333697799">
      <screen x="0" y="0" width="1920" height="1080" />
    </state>
    <state x="695" y="212" width="530" height="618" key="FileChooserDialogImpl/0.0.1920.1080" timestamp="1649333697799" />
    <state x="960" y="485" width="1000" height="750" key="WELCOME_SCREEN" timestamp="1649388712833">
      <screen x="0" y="0" width="1920" height="1080" />
    </state>
    <state x="960" y="485" width="1000" height="750" key="WELCOME_SCREEN/0.0.1920.1080" timestamp="1649388712833" />
  </component>
</application>