<project version="4">
  <component name="FileEditorManager">
    <leaf SIDE_TABS_SIZE_LIMIT_KEY="-1">
      <file pinned="false" current-in-tab="false">
        <entry file="file://$PROJECT_DIR$/app/src/main/java/com/google/samples/apps/sunflower/GardenActivity.kt">
          <provider selected="true" editor-type-id="android-source-code">
            <state>
              <editor-state relative-caret-position="297">
                <caret line="29" column="69" selection-start-line="29" selection-start-column="69" selection-end-line="29" selection-end-column="69" />
              </editor-state>
              <multi-preview-state selected="">
                <representations>
                  <list />
                </representations>
              </multi-preview-state>
            </state>
          </provider>
        </entry>
      </file>
      <file pinned="false" current-in-tab="false">
        <entry file="file://$PROJECT_DIR$/app/src/main/res/layout/activity_garden.xml">
          <provider selected="true" editor-type-id="android-designer2" />
        </entry>
      </file>
      <file pinned="false" current-in-tab="false">
        <entry file="file://$PROJECT_DIR$/app/src/main/res/navigation/nav_garden.xml">
          <provider selected="true" editor-type-id="nav-designer" />
        </entry>
      </file>
      <file pinned="false" current-in-tab="false">
        <entry file="file://$PROJECT_DIR$/app/src/main/java/com/google/samples/apps/sunflower/di/NetworkModule.kt">
          <provider selected="true" editor-type-id="android-source-code">
            <state>
              <editor-state relative-caret-position="216">
                <caret line="27" column="6" selection-start-line="27" selection-start-column="6" selection-end-line="27" selection-end-column="6" />
              </editor-state>
              <multi-preview-state selected="">
                <representations>
                  <list />
                </representations>
              </multi-preview-state>
            </state>
          </provider>
        </entry>
      </file>
      <file pinned="false" current-in-tab="true">
        <entry file="file://$PROJECT_DIR$/app/src/main/java/com/google/samples/apps/sunflower/data/Converters.kt">
          <provider selected="true" editor-type-id="android-source-code">
            <state>
              <editor-state relative-caret-position="243">
                <caret line="24" column="6" selection-start-line="24" selection-start-column="6" selection-end-line="24" selection-end-column="6" />
              </editor-state>
              <multi-preview-state selected="">
                <representations>
                  <list />
                </representations>
              </multi-preview-state>
            </state>
          </provider>
        </entry>
      </file>
    </leaf>
  </component>
  <component name="IdeDocumentHistory">
    <changedPaths>
      <option value="$PROJECT_DIR$/build.gradle" />
    </changedPaths>
  </component>
  <component name="IgnoredFileRootStore">
    <option name="generatedRoots">
      <set>
        <option value="$PROJECT_DIR$/.idea" />
      </set>
    </option>
  </component>
  <component name="ProjectView">
    <navigator currentView="AndroidView" proportions="" version="1" />
    <panes>
      <pane id="AndroidView">
        <subPane>
          <expand>
            <path>
              <item name="sunflower" type="1abcf292:AndroidViewProjectNode" />
              <item name="app" type="feadf853:AndroidModuleNode" />
            </path>
            <path>
              <item name="sunflower" type="1abcf292:AndroidViewProjectNode" />
              <item name="app" type="feadf853:AndroidModuleNode" />
              <item name="java" type="edd41e36:AndroidSourceTypeNode" />
            </path>
            <path>
              <item name="sunflower" type="1abcf292:AndroidViewProjectNode" />
              <item name="app" type="feadf853:AndroidModuleNode" />
              <item name="java" type="edd41e36:AndroidSourceTypeNode" />
              <item name="sunflower" type="cbb59c9e:AndroidPsiDirectoryNode" />
            </path>
            <path>
              <item name="sunflower" type="1abcf292:AndroidViewProjectNode" />
              <item name="app" type="feadf853:AndroidModuleNode" />
              <item name="java" type="edd41e36:AndroidSourceTypeNode" />
              <item name="sunflower" type="cbb59c9e:AndroidPsiDirectoryNode" />
              <item name="data" type="462c0819:PsiDirectoryNode" />
            </path>
            <path>
              <item name="sunflower" type="1abcf292:AndroidViewProjectNode" />
              <item name="app" type="feadf853:AndroidModuleNode" />
              <item name="java" type="edd41e36:AndroidSourceTypeNode" />
              <item name="sunflower" type="cbb59c9e:AndroidPsiDirectoryNode" />
              <item name="di" type="462c0819:PsiDirectoryNode" />
            </path>
            <path>
              <item name="sunflower" type="1abcf292:AndroidViewProjectNode" />
              <item name="app" type="feadf853:AndroidModuleNode" />
              <item name="res" type="d4f16f75:AndroidResFolderNode" />
            </path>
            <path>
              <item name="sunflower" type="1abcf292:AndroidViewProjectNode" />
              <item name="app" type="feadf853:AndroidModuleNode" />
              <item name="res" type="d4f16f75:AndroidResFolderNode" />
              <item name="navigation" type="ddeffd01:AndroidResFolderTypeNode" />
            </path>
            <path>
              <item name="sunflower" type="1abcf292:AndroidViewProjectNode" />
              <item name="Gradle Scripts" type="ae0cef3a:AndroidBuildScriptsGroupNode" />
            </path>
          </expand>
          <select />
        </subPane>
      </pane>
      <pane id="ProjectPane" />
      <pane id="PackagesPane" />
      <pane id="Scope" />
    </panes>
  </component>
  <component name="TerminalArrangementManager">
    <option name="myTabStates">
      <TerminalTabState tabName="Local" currentWorkingDirectory="$PROJECT_DIR$" commandHistoryFileName="sunflower-history1" />
    </option>
  </component>
  <component name="ToolWindowManager">
    <layout>
      <window_info content_ui="combo" id="Project" order="0" visible="true" weight="0.25964284" />
      <window_info id="Structure" order="1" side_tool="true" weight="0.33035713" />
      <window_info id="Favorites" order="2" side_tool="true" />
      <window_info id="Commit" order="3" />
      <window_info id="Pull Requests" order="4" />
      <window_info id="Resources Explorer" order="5" />
      <window_info id="Build Variants" order="6" side_tool="true" />
      <window_info anchor="bottom" id="Version Control" order="0" />
      <window_info anchor="bottom" id="Event Log" order="1" side_tool="true" weight="0.3298913" />
      <window_info anchor="bottom" id="Find" order="2" />
      <window_info anchor="bottom" id="Run" order="3" />
      <window_info anchor="bottom" id="Debug" order="4" weight="0.4" />
      <window_info anchor="bottom" id="TODO" order="5" />
      <window_info anchor="bottom" id="Problems View" order="6" weight="0.3298913" />
      <window_info anchor="bottom" id="Inspection" order="7" weight="0.4" />
      <window_info anchor="bottom" id="Upgrade Assistant" order="8" weight="0.3298913" />
      <window_info anchor="bottom" id="Terminal" order="9" weight="0.3298913" />
      <window_info anchor="bottom" id="clangd" order="10" />
      <window_info anchor="bottom" id="Logcat" order="11" />
      <window_info anchor="bottom" id="Android Profiler" order="12" />
      <window_info anchor="bottom" id="Build" order="13" weight="0.3298913" />
      <window_info anchor="bottom" id="Logcat V2" order="14" />
      <window_info anchor="bottom" id="Layout Inspector" order="15" side_tool="true" />
      <window_info anchor="bottom" id="Services" order="16" show_stripe_button="false" />
      <window_info anchor="bottom" id="App Inspection" order="17" />
      <window_info anchor="right" id="Gradle" order="0" weight="0.33035713" />
      <window_info anchor="right" id="Device File Explorer" order="1" side_tool="true" />
      <window_info anchor="right" id="Layout Validation" order="2" />
      <window_info anchor="right" id="Android Emulator" order="3" side_tool="true" />
      <window_info anchor="right" id="Device Manager" order="4" />
      <window_info anchor="right" id="Assistant" order="5" weight="0.33035713" />
      <window_info anchor="right" id="make" order="6" side_tool="true" />
    </layout>
    <recentWindows>
      <value>Project</value>
      <value>Gradle</value>
      <value>Build</value>
      <value>Upgrade Assistant</value>
      <value>Terminal</value>
      <value>Problems View</value>
      <value>Event Log</value>
      <value>Structure</value>
      <value>Assistant</value>
    </recentWindows>
  </component>
  <component name="Trusted.Project.Settings" hasCheckedIfOldProject="true" trusted="YES" />
  <component name="WindowStateProjectService">
    <state x="516" y="146" width="1243" height="925" key="SettingsEditor" timestamp="1649389375715">
      <screen x="0" y="0" width="1920" height="1080" />
    </state>
    <state x="516" y="146" width="1243" height="925" key="SettingsEditor/0.0.1920.1080@0.0.1920.1080" timestamp="1649389375715" />
  </component>
  <component name="editorHistoryManager">
    <entry file="file://$PROJECT_DIR$/app/build.gradle">
      <provider selected="true" editor-type-id="text-editor">
        <state relative-caret-position="-154">
          <folding>
            <element signature="e#0#594#0" expanded="true" />
          </folding>
        </state>
      </provider>
    </entry>
    <entry file="file://$PROJECT_DIR$/build.gradle">
      <provider selected="true" editor-type-id="text-editor">
        <state relative-caret-position="803">
          <caret line="58" column="17" selection-start-line="57" selection-start-column="7" selection-end-line="58" selection-end-column="17" />
          <folding>
            <element signature="e#0#594#0" expanded="true" />
          </folding>
        </state>
      </provider>
    </entry>
    <entry file="jar://$USER_HOME$/.gradle/caches/modules-2/files-2.1/androidx.navigation/navigation-fragment/2.3.3/3622ca880ed637740e391a55d7cd5d0869285d29/navigation-fragment-2.3.3-sources.jar!/androidx/navigation/fragment/NavHostFragment.java">
      <provider selected="true" editor-type-id="android-source-code">
        <state>
          <editor-state relative-caret-position="-1339">
            <caret line="79" column="13" selection-start-line="79" selection-start-column="13" selection-end-line="79" selection-end-column="13" />
          </editor-state>
          <multi-preview-state selected="">
            <representations>
              <list />
            </representations>
          </multi-preview-state>
        </state>
      </provider>
    </entry>
    <entry file="file://$PROJECT_DIR$/app/src/main/java/com/google/samples/apps/sunflower/GardenActivity.kt">
      <provider selected="true" editor-type-id="android-source-code">
        <state>
          <editor-state relative-caret-position="297">
            <caret line="29" column="69" selection-start-line="29" selection-start-column="69" selection-end-line="29" selection-end-column="69" />
          </editor-state>
          <multi-preview-state selected="">
            <representations>
              <list />
            </representations>
          </multi-preview-state>
        </state>
      </provider>
    </entry>
    <entry file="file://$PROJECT_DIR$/app/src/main/res/layout/activity_garden.xml">
      <provider selected="true" editor-type-id="android-designer2" />
    </entry>
    <entry file="file://$PROJECT_DIR$/app/src/main/res/navigation/nav_garden.xml">
      <provider selected="true" editor-type-id="nav-designer" />
    </entry>
    <entry file="file://$PROJECT_DIR$/app/src/main/java/com/google/samples/apps/sunflower/di/NetworkModule.kt">
      <provider selected="true" editor-type-id="android-source-code">
        <state>
          <editor-state relative-caret-position="216">
            <caret line="27" column="6" selection-start-line="27" selection-start-column="6" selection-end-line="27" selection-end-column="6" />
          </editor-state>
          <multi-preview-state selected="">
            <representations>
              <list />
            </representations>
          </multi-preview-state>
        </state>
      </provider>
    </entry>
    <entry file="file://$PROJECT_DIR$/app/src/main/java/com/google/samples/apps/sunflower/data/Converters.kt">
      <provider selected="true" editor-type-id="android-source-code">
        <state>
          <editor-state relative-caret-position="243">
            <caret line="24" column="6" selection-start-line="24" selection-start-column="6" selection-end-line="24" selection-end-column="6" />
          </editor-state>
          <multi-preview-state selected="">
            <representations>
              <list />
            </representations>
          </multi-preview-state>
        </state>
      </provider>
    </entry>
  </component>
</project>